{
  "start": 1984,
  "end": 2016,
  "params": {
    "maxSegments": 6,
    "spikeThreshold": 0.9,
    "vertexCountOvershoot": 3,
    "preventOneYearRecovery": true,
    "recoveryThreshold": 0.25,
    "pvalThreshold": 0.05,
    "bestModelProportion": 0.75,
    "minObservationsNeeded": 6
  },
  "note": "GEE native LandTrendr on GEE's own filterBounds composites; NBRx1000 (loss-down)",
  "pixels": [
    {
      "name": "center",
      "years": [
        1984,
        1985,
        1986,
        1987,
        1988,
        1989,
        1990,
        1991,
        1992,
        1993,
        1994,
        1995,
        1996,
        1997,
        1998,
        1999,
        2000,
        2001,
        2002,
        2003,
        2004,
        2005,
        2006,
        2007,
        2008,
        2009,
        2010,
        2011,
        2012,
        2013,
        2014,
        2015,
        2016
      ],
      "source": [
        843.4,
        847.9,
        850.1,
        878.2,
        848.1,
        919.8,
        858.8,
        849.5,
        870.6,
        817.0,
        757.5,
        811.9,
        823.7,
        533.5,
        839.9,
        856.6,
        827.4,
        378.2,
        -78.2,
        -19.5,
        148.0,
        317.6,
        415.7,
        485.2,
        610.6,
        611.9,
        654.4,
        767.5,
        770.2,
        793.8,
        801.1,
        821.7,
        803.0
      ],
      "fitted": [
        860.3719523883927,
        858.2757116392613,
        856.17947089013,
        854.0832301409986,
        851.9869893918672,
        849.8907486427358,
        847.7945078936044,
        845.698267144473,
        843.6020263953417,
        841.5057856462103,
        839.4095448970788,
        837.3133041479475,
        835.2170633988161,
        833.1208226496847,
        831.0245819005534,
        828.9283411514219,
        826.8321004022905,
        375.1089204831818,
        -76.6142594359269,
        -19.499099731445312,
        148.8481018066406,
        317.19530334472654,
        392.8174019279061,
        468.4395005110856,
        544.0615990942651,
        619.6836976774446,
        695.3057962606242,
        770.9278948438036,
        778.7014391066044,
        786.4749833694051,
        794.2485276322059,
        802.0220718950065,
        809.7956161578073
      ],
      "vertex": [
        1,
        0,
        0,
        0,
        0,
        0,
        0,
        0,
        0,
        0,
        0,
        0,
        0,
        0,
        0,
        0,
        1,
        0,
        1,
        1,
        0,
        1,
        0,
        0,
        0,
        0,
        0,
        1,
        0,
        0,
        0,
        0,
        1
      ],
      "vertex_years": [
        1984,
        2000,
        2002,
        2003,
        2005,
        2011,
        2016
      ]
    },
    {
      "name": "n_up",
      "years": [
        1984,
        1985,
        1986,
        1987,
        1988,
        1989,
        1990,
        1991,
        1992,
        1993,
        1994,
        1995,
        1996,
        1997,
        1998,
        1999,
        2000,
        2001,
        2002,
        2003,
        2004,
        2005,
        2006,
        2007,
        2008,
        2009,
        2010,
        2011,
        2012,
        2013,
        2014,
        2015,
        2016
      ],
      "source": [
        855.0,
        848.8,
        846.9,
        865.6,
        832.7,
        883.1,
        849.8,
        815.9,
        838.0,
        852.0,
        766.1,
        799.4,
        817.1,
        545.3,
        816.9,
        842.3,
        820.1,
        376.4,
        -46.2,
        11.5,
        160.5,
        359.9,
        484.2,
        543.3,
        637.8,
        632.7,
        665.1,
        757.9,
        784.2,
        802.3,
        814.1,
        825.8,
        818.0
      ],
      "fitted": [
        856.7299948341164,
        853.8041826164524,
        850.8783703987885,
        847.9525581811246,
        845.0267459634607,
        842.1009337457967,
        839.1751215281328,
        836.2493093104689,
        833.3234970928049,
        830.3976848751411,
        827.4718726574771,
        824.5460604398131,
        821.6202482221493,
        818.6944360044853,
        815.7686237868214,
        812.8428115691574,
        809.9169993514936,
        380.78903484801924,
        -48.338929655455104,
        11.522008895874023,
        180.67997360229492,
        349.8379383087158,
        421.7197310479133,
        493.60152378711075,
        565.4833165263082,
        637.3651092655057,
        709.2469020047031,
        781.1286947439005,
        790.346348308064,
        799.5640018722275,
        808.781655436391,
        817.9993090005545,
        827.216962564718
      ],
      "vertex": [
        1,
        0,
        0,
        0,
        0,
        0,
        0,
        0,
        0,
        0,
        0,
        0,
        0,
        0,
        0,
        0,
        1,
        0,
        1,
        1,
        0,
        1,
        0,
        0,
        0,
        0,
        0,
        1,
        0,
        0,
        0,
        0,
        1
      ],
      "vertex_years": [
        1984,
        2000,
        2002,
        2003,
        2005,
        2011,
        2016
      ]
    },
    {
      "name": "n_down",
      "years": [
        1984,
        1985,
        1986,
        1987,
        1988,
        1989,
        1990,
        1991,
        1992,
        1993,
        1994,
        1995,
        1996,
        1997,
        1998,
        1999,
        2000,
        2001,
        2002,
        2003,
        2004,
        2005,
        2006,
        2007,
        2008,
        2009,
        2010,
        2011,
        2012,
        2013,
        2014,
        2015,
        2016
      ],
      "source": [
        865.5,
        845.1,
        854.5,
        857.4,
        848.3,
        893.7,
        857.6,
        844.5,
        850.4,
        833.0,
        790.0,
        849.3,
        832.6,
        631.7,
        817.8,
        857.8,
        822.7,
        388.2,
        -89.2,
        -33.9,
        118.1,
        259.1,
        358.0,
        406.4,
        558.3,
        571.1,
        642.1,
        703.7,
        718.6,
        765.2,
        799.2,
        807.8,
        805.1
      ],
      "fitted": [
        863.5729874809584,
        861.0029785219215,
        858.4329695628845,
        855.8629606038477,
        853.2929516448107,
        850.7229426857738,
        848.1529337267368,
        845.5829247676999,
        843.012915808663,
        840.4429068496261,
        837.8728978905891,
        835.3028889315522,
        832.7328799725152,
        830.1628710134783,
        827.5928620544414,
        825.0228530954045,
        822.4528441363675,
        370.96856136060165,
        -80.5157214151642,
        23.962828718661058,
        128.4413788524863,
        232.91992898631156,
        327.32899454374336,
        421.73806010117517,
        558.2886962890625,
        594.8531664680032,
        631.417636646944,
        667.9821068258847,
        704.5465770048254,
        741.1110471837661,
        777.6755173627068,
        814.2399875416475,
        850.8044577205883
      ],
      "vertex": [
        1,
        0,
        0,
        0,
        0,
        0,
        0,
        0,
        0,
        0,
        0,
        0,
        0,
        0,
        0,
        0,
        1,
        0,
        1,
        0,
        0,
        1,
        0,
        1,
        1,
        0,
        0,
        0,
        0,
        0,
        0,
        0,
        1
      ],
      "vertex_years": [
        1984,
        2000,
        2002,
        2005,
        2007,
        2008,
        2016
      ]
    },
    {
      "name": "n_left",